latitude,longitude,list_of_profile_keys,list_of_profiles,list_of_reference_keys,list_of_method_keys,timestamp_min,timestamp_max,num_measurements
-90.0,0.0,1937 / 2580 / 2581,NA / SP 15 FC1 / SP 15 FC2,190 / 250,4.0,2001-01-01,2015-12-01,4969
-89.9333,144.393799,1,US_ITASE-02-6 (SPRESSO),1,4.0,2002-01-01,2002-01-01,138
-89.54,137.04,2567 / 2568 / 2569 / 2570,USP50_density_106 / USP50_density_126 / USP50_density_nicl / USP50_density_pit,242,4.0,2016-12-01,2016-12-01,273
-88.5095,178.530807,2,US_ITASE-07-4,1,4.0,2007-01-01,2007-01-01,103
-88.0022,-107.983299,3,US_ITASE-02-5,1,4.0,2002-01-01,2002-01-01,54
-86.84,95.309998,4,US_ITASE-03-1,1,4.0,2003-01-01,2003-01-01,19
-86.5025,-107.990303,5,US_ITASE-02-4,1,4.0,2002-01-01,2002-01-01,72
-85.7819,145.719498,6,US_ITASE-07-3,1,4.0,2007-01-01,2007-01-01,43
-85.25,166.5,2459,Dominion Range,218,nan,1984-12-01,1984-12-01,0
-85.0005,-104.9953,7,US_ITASE-02-3,1,4.0,2002-01-01,2002-01-01,45
-84.81833,-59.634998,789,FRI38C95_04,114,4.0,1995-02-16,1995-02-16,310
-84.3951,140.630798,8,US_ITASE-07-2,1,4.0,2007-01-01,2007-01-01,52
-83.91833,-60.360001,799,FRI37C95_05,124,4.0,1995-02-16,1995-02-16,224
-83.5008,-104.986801,9,US_ITASE-02-2,1,4.0,2002-01-01,2002-01-01,63
-83.477778,-138.096944,2541,Upstream B,227,nan,1986-01-01,1986-01-01,0
-83.477778,138.096944,2540,Talyor Dome,232,nan,1994-01-01,1994-01-01,0
-83.385,-60.063332,803,FRI36C95_02,128,4.0,1995-02-08,1995-02-08,172
-83.16667,-59.575001,812,FRI35C95_01,137,4.0,1995-02-04,1995-02-04,188
-82.891944,-136.660278,2515,Ridge B-C,227,nan,1986-01-01,1986-01-01,0
-82.75,-58.691669,784,FRI34C95_03,109,4.0,1995-02-12,1995-02-12,49
-82.335,-57.826672,798,FRI33C95_06,123,4.0,1995-02-18,1995-02-18,207
-82.08,101.959999,10,US_ITASE-03-3,1,4.0,2003-01-01,2003-01-01,13
-82.001,-110.008202,11,US_ITASE-02-1,1,4.0,2002-01-01,2002-01-01,63
-81.658,136.084,12,US_ITASE-07-1,1,4.0,2007-01-01,2007-01-01,49
-81.65,122.599998,13,US_ITASE-03-4,1,4.0,2003-01-01,2003-01-01,12
-81.617,-57.917,763,FRI20C90_06,88,4.0,1990-02-16,1990-02-16,291
-81.605,-57.888329,788,FRI32C95_07,113,4.0,1995-02-20,1995-02-20,196
-81.46306,-60.614719,750,FRI19C90_05,75,4.0,1990-02-16,1990-02-16,298
-81.21833,-57.203331,811,FRI31C95_08,136,4.0,1995-02-20,1995-02-20,180
-81.2,-126.169998,14,US-ITASE-99-2,1,4.0,1999-01-01,1999-01-01,48
-80.83333,-56.588329,786,FRI30C95_09,111,4.0,1995-02-20,1995-02-20,198
-80.7901,124.434502,91 / 1712,NA,8 / 179,3.0,2004-01-01,2004-01-16,132
-80.788,124.440002,1708,NA,179,3.0,2003-12-01,2003-12-01,31
-80.7802,124.499901,1710 / 1713,NA,179 / 180,3.0 / 4.0,2004-01-01,2004-01-08,112
-80.7791,124.288002,92,NA,8,3.0,2004-01-01,2004-01-01,67
-80.7754,124.526001,93 / 1711,NA,8 / 179,3.0,2004-01-01,2004-01-12,134
-80.762,124.610001,1709,NA,179,3.0,2003-12-01,2003-12-01,33
-80.62,-122.629997,15,US-ITASE-99-1,1,4.0,1999-01-01,1999-01-01,57
-80.43,-55.98,787,FRI29C95_10,112,4.0,1995-02-20,1995-02-20,42
-80.39,138.919998,16,US_ITASE-03-6,1,4.0,2003-01-01,2003-01-01,12
-80.367111,77.372861,2575,Dome A CHINARE-21,247,4.0,2005-01-01,2005-01-01,147
-80.367,77.351997,960,NA,173,6.0,2008-01-01,2008-01-01,1
-80.352,77.412003,961,NA,173,6.0,2008-01-01,2008-01-01,1
-80.338,77.472,962,NA,173,6.0,2008-01-01,2008-01-01,1
-80.321,77.473999,963,NA,173,6.0,2008-01-01,2008-01-01,1
-80.303,77.472,964,NA,173,6.0,2008-01-01,2008-01-01,1
-80.286,77.468002,965,NA,173,6.0,2008-01-01,2008-01-01,1
-80.269,77.466003,966,NA,173,6.0,2008-01-01,2008-01-01,1
-80.25,77.459999,967,NA,173,6.0,2008-01-01,2008-01-01,1
-80.232,77.458,968,NA,173,6.0,2008-01-01,2008-01-01,1
-80.211,77.458,969,NA,173,6.0,2008-01-01,2008-01-01,1
-80.194,77.453003,970,NA,173,6.0,2008-01-01,2008-01-01,1
-80.176,77.445,971,NA,173,6.0,2008-01-01,2008-01-01,1
-80.158,77.438004,972,NA,173,6.0,2008-01-01,2008-01-01,1
-80.14,77.431999,973,NA,173,6.0,2008-01-01,2008-01-01,1
-80.123,77.425003,974,NA,173,6.0,2008-01-01,2008-01-01,1
-80.102,77.413002,975,NA,173,6.0,2008-01-01,2008-01-01,1
-80.083,77.402,976,NA,173,6.0,2008-01-01,2008-01-01,1
-80.065,77.390999,977,NA,173,6.0,2008-01-01,2008-01-01,1
-80.048,77.382004,978,NA,173,6.0,2008-01-01,2008-01-01,1
-80.03,77.371002,979,NA,173,6.0,2008-01-01,2008-01-01,1
-80.012,77.364998,980,NA,173,6.0,2008-01-01,2008-01-01,1
-80.0,-120.0,2454,Byrd,213,nan,1956-12-20,1956-12-20,0
-80.0,-55.5,797,FRI28C95_11,122,4.0,1995-02-20,1995-02-20,172
-79.995,77.357002,981,NA,173,6.0,2008-01-01,2008-01-01,1
-79.977,77.348999,982,NA,173,6.0,2008-01-01,2008-01-01,1
-79.96,77.341003,983,NA,173,6.0,2008-01-01,2008-01-01,1
-79.942,77.334,984,NA,173,6.0,2008-01-01,2008-01-01,1
-79.924,77.323997,985,NA,173,6.0,2008-01-01,2008-01-01,1
-79.905,77.316002,986,NA,173,6.0,2008-01-01,2008-01-01,1
-79.887,77.306,987,NA,173,6.0,2008-01-01,2008-01-01,1
-79.868,77.291,988,NA,173,6.0,2008-01-01,2008-01-01,1
-79.85,77.278999,989,NA,173,6.0,2008-01-01,2008-01-01,1
-79.833,77.268997,990,NA,173,6.0,2008-01-01,2008-01-01,1
-79.816,77.260002,991,NA,173,6.0,2008-01-01,2008-01-01,1
-79.798,77.254997,992,NA,173,6.0,2008-01-01,2008-01-01,1
-79.776,77.247002,993,NA,173,6.0,2008-01-01,2008-01-01,1
-79.758,77.239998,994,NA,173,6.0,2008-01-01,2008-01-01,1
-79.741,77.227997,995,NA,173,6.0,2008-01-01,2008-01-01,1
-79.722,77.221001,996,NA,173,6.0,2008-01-01,2008-01-01,1
-79.705,77.211998,997,NA,173,6.0,2008-01-01,2008-01-01,1
-79.687,77.199997,998,NA,173,6.0,2008-01-01,2008-01-01,1
-79.67,-54.89167,802,FRI27C95_12,127,4.0,1995-02-20,1995-02-20,205
-79.669,77.191002,999,NA,173,6.0,2008-01-01,2008-01-01,1
-79.658,-45.617001,770 / 838 / 924,BER02S90_02 / BER02C90_02,95 / 163 / 167,6.0 / 4.0,1990-01-06,1990-01-06,358
-79.651,77.182999,1000,NA,173,6.0,2008-01-01,2008-01-01,1
-79.632,77.172997,1001,NA,173,6.0,2008-01-01,2008-01-01,1
-79.615,77.166,1002,NA,173,6.0,2008-01-01,2008-01-01,1
-79.61416,-45.724331,724,BER11C95_25,49,11.0,1995-02-08,1995-02-08,51174
-79.597,77.158997,1003,NA,173,6.0,2008-01-01,2008-01-01,1
-79.579,77.152,1004,NA,173,6.0,2008-01-01,2008-01-01,1
-79.57177,-161.566696,629,NA,39,4.0,1997-01-01,1997-01-01,56
-79.56,77.146004,1005,NA,173,6.0,2008-01-01,2008-01-01,1
-79.543,77.141998,1006,NA,173,6.0,2008-01-01,2008-01-01,1
-79.526,77.136002,1007,NA,173,6.0,2008-01-01,2008-01-01,1
-79.507,77.126999,1008,NA,173,6.0,2008-01-01,2008-01-01,1
-79.495,-120.033333,2486,Mile 30,225,nan,1959-11-07,1959-11-07,0
-79.489,77.117996,1009,NA,173,6.0,2008-01-01,2008-01-01,1
-79.48554,-161.064499,628,NA,39,4.0,1997-01-01,1997-01-01,52
-79.48278,-112.088333,94,WDC06A,9,5.0,2006-01-01,2006-01-01,48764
-79.471,77.106003,1010,NA,173,6.0,2008-01-01,2008-01-01,1
-79.463,-112.12317,2571,WAIS_WDC05C,243,4.0,2005-12-01,2005-12-01,239
-79.46295,-112.1251,2577 / 2579,WDC05A / WDC05E,249,4.0,2005-01-01,2005-01-01,126
-79.46295,-112.1227,2578,WDC05C,249,4.0,2005-01-01,2005-01-01,69
-79.454,77.095001,1011,NA,173,6.0,2008-01-01,2008-01-01,1
-79.4468,-117.963501,51,NA,3,1.0,2011-12-28,2011-12-28,20
-79.436,77.087997,1012,NA,173,6.0,2008-01-01,2008-01-01,1
-79.419,77.075996,1013,NA,173,6.0,2008-01-01,2008-01-01,1
-79.4,77.067001,1014,NA,173,6.0,2008-01-01,2008-01-01,1
-79.384,77.056999,1015,NA,173,6.0,2008-01-01,2008-01-01,1
-79.3831,-111.238998,17,US_ITASE-00-1 A,1,4.0,2000-01-01,2000-01-01,105
-79.365,77.046997,1016,NA,173,6.0,2008-01-01,2008-01-01,1
-79.35394,-160.323303,627,NA,39,4.0,1997-01-01,1997-01-01,52
-79.35,77.036003,1017,NA,173,6.0,2008-01-01,2008-01-01,1
-79.3479,-116.290497,52,NA,3,1.0,2011-12-12,2011-12-12,20
-79.331,77.025002,1018,NA,173,6.0,2008-01-01,2008-01-01,1
-79.33,34.96,1987,NA,196,10.0,2017-01-16,2017-01-16,1
-79.314,77.015999,1019,NA,173,6.0,2008-01-01,2008-01-01,1
-79.297,77.005997,1020,NA,173,6.0,2008-01-01,2008-01-01,1
-79.28,76.995003,1021,NA,173,6.0,2008-01-01,2008-01-01,1
-79.26833,-54.201672,791,FRI26C95_13,116,4.0,1995-02-20,1995-02-20,30
-79.263,77.002998,1022,NA,173,6.0,2008-01-01,2008-01-01,1
-79.244,77.005997,1023,NA,173,6.0,2008-01-01,2008-01-01,1
-79.24,40.56,1986,NA,196,10.0,2017-01-09,2017-01-09,1
-79.232,40.516998,1550,NA,174,6.0,1969-01-01,1969-01-01,1
-79.227,76.999001,1024,NA,173,6.0,2008-01-01,2008-01-01,1
-79.209,77.003998,1025,NA,173,6.0,2008-01-01,2008-01-01,1
-79.19,77.002998,1026,NA,173,6.0,2008-01-01,2008-01-01,1
-79.18,35.69,1985,NA,196,10.0,2017-01-06,2017-01-06,1
-79.172,77.001999,1027,NA,173,6.0,2008-01-01,2008-01-01,1
-79.1597,-104.967201,18,US_ITASE-01-1,1,4.0,2001-01-01,2001-01-01,72
-79.154,77.009003,1028,NA,173,6.0,2008-01-01,2008-01-01,1
-79.136,77.004997,1029,NA,173,6.0,2008-01-01,2008-01-01,1
-79.133,-122.266998,19,US_ITASE-00-7 I,1,4.0,2000-01-01,2000-01-01,63
-79.117,77.000999,1030,NA,173,6.0,2008-01-01,2008-01-01,1
-79.099,76.995003,1031,NA,173,6.0,2008-01-01,2008-01-01,1
-79.093,40.549999,1551,NA,174,6.0,1969-01-01,1969-01-01,1
-79.081,76.988998,1032,NA,173,6.0,2008-01-01,2008-01-01,1
-79.063,76.987,1033,NA,173,6.0,2008-01-01,2008-01-01,1
-79.045,76.986,1034,NA,173,6.0,2008-01-01,2008-01-01,1
-79.0362,149.680298,20,US_ITASE-06-3,1,4.0,2006-01-01,2006-01-01,104
-79.028,76.987,1035,NA,173,6.0,2008-01-01,2008-01-01,1
-79.025,40.583,1552,NA,174,6.0,1969-01-01,1969-01-01,1
-79.008,77.000999,1036,NA,173,6.0,2008-01-01,2008-01-01,1
-79.003333,-119.566667,2487,Mile 60,225,nan,1959-11-09,1959-11-09,0
-79.0,30.0,1984,NA,196,10.0,2016-12-26,2016-12-26,1
-78.988,77.0,1037,NA,173,6.0,2008-01-01,2008-01-01,1
-78.971,77.011002,1038,NA,173,6.0,2008-01-01,2008-01-01,1
-78.953,77.016998,1039,NA,173,6.0,2008-01-01,2008-01-01,1
-78.94611,-56.84,765,FRI08S84_341,90,6.0,1984-02-08,1984-02-08,49
-78.93667,-56.821671,768,FRI08S86_341,93,6.0,1986-01-30,1986-01-30,27
-78.934,77.022003,1040,NA,173,6.0,2008-01-01,2008-01-01,1
-78.916,77.021004,1041,NA,173,6.0,2008-01-01,2008-01-01,1
-78.898,77.031998,1042,NA,173,6.0,2008-01-01,2008-01-01,1
-78.89,29.38,1983,NA,196,10.0,2016-12-24,2016-12-24,1
-78.88,77.032997,1043,NA,173,6.0,2008-01-01,2008-01-01,1
-78.87167,-53.403332,773,FRI03S86_345,98,6.0,1986-01-28,1986-01-28,43
-78.862,77.032997,1044,NA,173,6.0,2008-01-01,2008-01-01,1
-78.843,77.031998,1045,NA,173,6.0,2008-01-01,2008-01-01,1
-78.84,-53.473331,796,FRI25C95_14,121,4.0,1995-02-20,1995-02-20,211
-78.84,27.28,1988,NA,196,10.0,2017-01-23,2017-01-23,1
-78.8369,-116.307098,53,NA,3,1.0,2011-12-24,2011-12-24,19
-78.825,77.032997,1046,NA,173,6.0,2008-01-01,2008-01-01,1
-78.82,40.650002,1553,NA,174,6.0,1969-01-01,1969-01-01,1
-78.807,77.031998,1047,NA,173,6.0,2008-01-01,2008-01-01,1
-78.788,77.031998,1048,NA,173,6.0,2008-01-01,2008-01-01,1
-78.77,77.028,1049,NA,173,6.0,2008-01-01,2008-01-01,1
-78.752,77.023003,1050,NA,173,6.0,2008-01-01,2008-01-01,1
-78.734,77.015999,1051,NA,173,6.0,2008-01-01,2008-01-01,1
-78.733,-111.496597,21,US_ITASE-00-2 C,1,4.0,2000-01-01,2000-01-01,61
-78.728,-114.732201,54,NA,3,1.0,2011-12-14,2011-12-14,20
-78.72167,-57.8475,761,FRI14C90_336,86,4.0,1990-02-04,1990-02-04,261
-78.715,77.011002,1052,NA,173,6.0,2008-01-01,2008-01-01,1
-78.697,77.009003,1053,NA,173,6.0,2008-01-01,2008-01-01,1
-78.683,40.733002,1554,NA,174,6.0,1969-01-01,1969-01-01,1
-78.679,77.008003,1054,NA,173,6.0,2008-01-01,2008-01-01,1
-78.661,77.010002,1055,NA,173,6.0,2008-01-01,2008-01-01,1
-78.643,77.005997,1056,NA,173,6.0,2008-01-01,2008-01-01,1
-78.625,77.005997,1057,NA,173,6.0,2008-01-01,2008-01-01,1
-78.618,40.766998,1555,NA,174,6.0,1969-01-01,1969-01-01,1
-78.608,77.018997,1058,NA,173,6.0,2008-01-01,2008-01-01,1
-78.60611,-55.431671,774 / 801,FRI07S84_340 / FRI07C84_340,99 / 126,6.0 / 4.0,1980-02-01,1984-01-28,570
-78.595,-55.408329,776,FRI07S86_340,101,6.0,1986-01-24,1986-01-24,19
-78.59,77.024002,1059,NA,173,6.0,2008-01-01,2008-01-01,1
-78.573,77.021004,1060,NA,173,6.0,2008-01-01,2008-01-01,1
-78.554,77.018997,1061,NA,173,6.0,2008-01-01,2008-01-01,1
-78.55,40.799999,1556,NA,174,6.0,1969-01-01,1969-01-01,1
-78.537,77.019997,1062,NA,173,6.0,2008-01-01,2008-01-01,1
-78.518,77.018997,1063,NA,173,6.0,2008-01-01,2008-01-01,1
-78.515,40.799999,1557,NA,174,6.0,1969-01-01,1969-01-01,1
-78.505,-119.716667,2488,Mile 90,225,nan,1959-11-12,1959-11-12,0
-78.5,22.64,1989,NA,196,10.0,2017-01-24,2017-01-24,1
-78.5,77.022003,1064,NA,173,6.0,2008-01-01,2008-01-01,1
-78.483,77.027,1065,NA,173,6.0,2008-01-01,2008-01-01,1
-78.466667,106.8,2542,Vostok (BH-3 BH-5),230,nan,1996-01-01,1996-01-01,0
-78.4661,106.8483,2574,Vostok_BH3,246,4.0,1991-12-20,1991-12-20,328
-78.463,77.026001,1066,NA,173,6.0,2008-01-01,2008-01-01,1
-78.445,77.028999,1067,NA,173,6.0,2008-01-01,2008-01-01,1
-78.433,-115.917198,22,US_ITASE-00-3 D,1,4.0,2000-01-01,2000-01-01,60
-78.42778,-52.50639,745,FRI02C92_246,70,4.0,1992-01-30,1992-01-30,190
-78.427,77.025002,1068,NA,173,6.0,2008-01-01,2008-01-01,1
-78.4243,-115.292,55,NA,3,1.0,2011-12-20,2011-12-20,20
-78.41333,-52.473331,785,FRI24C95_15,110,4.0,1995-02-22,1995-02-22,210
-78.412,40.849998,1558,NA,174,6.0,1969-01-01,1969-01-01,1
-78.41,77.016998,1069,NA,173,6.0,2008-01-01,2008-01-01,1
-78.392,77.009003,1070,NA,173,6.0,2008-01-01,2008-01-01,1
-78.374,76.998001,1071,NA,173,6.0,2008-01-01,2008-01-01,1
-78.358,76.989998,1072,NA,173,6.0,2008-01-01,2008-01-01,1
-78.333,77.0,1073,NA,173,6.0,2008-01-01,2008-01-01,1
-78.3325,-124.484001,23,US_ITASE-00-6 H,1,4.0,2000-01-01,2000-01-01,60
-78.32,77.012001,1074,NA,173,6.0,2008-01-01,2008-01-01,1
-78.31722,-39.434719,748,FRI21C90_HWF,73,4.0,1990-02-14,1990-02-14,274
-78.311667,-138.166667,2510,Mile 963,225,nan,1960-02-01,1960-02-01,0
-78.3109,-113.788399,56,NA,3,1.0,2011-12-16,2011-12-16,20
-78.30833,-57.12833,766,FRI13S86_335,91,6.0,1990-02-04,1990-02-04,28
-78.30194,-56.98,749 / 762,FRI13S90_335 / FRI13C90_335,74 / 87,6.0 / 4.0,1990-02-04,1990-02-04,259
-78.301,77.019997,1075,NA,173,6.0,2008-01-01,2008-01-01,1
-78.3,-46.283001,771 / 837 / 923,BER01S90_01 / BER01C90_01,96 / 162 / 166,6.0 / 4.0,1990-01-06,1990-01-06,62
-78.29,26.3,1982,NA,196,10.0,2016-12-23,2016-12-23,1
-78.283,77.028,1076,NA,173,6.0,2008-01-01,2008-01-01,1
-78.275,40.932999,1559,NA,174,6.0,1969-01-01,1969-01-01,1
-78.265,77.031998,1077,NA,173,6.0,2008-01-01,2008-01-01,1
-78.247,77.037003,1078,NA,173,6.0,2008-01-01,2008-01-01,1
-78.24194,-54.04694,781,FRI06S84_241,106,6.0,1984-01-30,1984-01-30,42
-78.23,-54.01833,780,FRI0686S_241,105,6.0,1986-01-20,1986-01-20,24
-78.229,77.038002,1079,NA,173,6.0,2008-01-01,2008-01-01,1
-78.211,77.043999,1080,NA,173,6.0,2008-01-01,2008-01-01,1
-78.193,77.047997,1081,NA,173,6.0,2008-01-01,2008-01-01,1
-78.175,77.044998,1082,NA,173,6.0,2008-01-01,2008-01-01,1
-78.158,77.061996,1083,NA,173,6.0,2008-01-01,2008-01-01,1
-78.143,41.033001,1560,NA,174,6.0,1969-01-01,1969-01-01,1
-78.14,77.073997,1084,NA,173,6.0,2008-01-01,2008-01-01,1
-78.122,77.077003,1085,NA,173,6.0,2008-01-01,2008-01-01,1
-78.1202,-95.646301,24,US_ITASE-01-3,1,4.0,2001-01-01,2001-01-01,70
-78.106,77.075996,1086,NA,173,6.0,2008-01-01,2008-01-01,1
-78.087,77.078003,1087,NA,173,6.0,2008-01-01,2008-01-01,1
-78.0829,-120.076401,25,US_ITASE-00-4 E,1,4.0,2000-01-01,2000-01-01,58
-78.069,77.080002,1088,NA,173,6.0,2008-01-01,2008-01-01,1
-78.05833,-58.776669,767,FRI18S86_330,92,6.0,1986-02-02,1986-02-02,44
-78.05,77.07,1089,NA,173,6.0,2008-01-01,2008-01-01,1
-78.03361,-58.690559,747 / 754,FRI18S90_330 / FRI18C90_330,72 / 79,6.0 / 4.0,1990-02-02,1990-02-02,278
-78.033,77.105003,1090,NA,173,6.0,2008-01-01,2008-01-01,1
-78.02,17.62,1990,NA,196,10.0,2017-01-25,2017-01-25,1
-78.015,77.105003,1091,NA,173,6.0,2008-01-01,2008-01-01,1
-78.01,41.167,1561,NA,174,6.0,1969-01-01,1969-01-01,1
-77.998,77.112,1092,NA,173,6.0,2008-01-01,2008-01-01,1
-77.996667,-120.016667,2489,Mile 120,225,nan,1959-11-13,1959-11-13,0
-77.99167,-51.533329,800,FRI23C95_16,125,4.0,1995-02-22,1995-02-22,27
-77.979,77.114998,1093,NA,173,6.0,2008-01-01,2008-01-01,1
-77.961,77.125,1094,NA,173,6.0,2008-01-01,2008-01-01,1
-77.957,-95.961998,61,PIG2010,6,4.0,2010-12-22,2010-12-22,61
-77.943,77.126999,1095,NA,173,6.0,2008-01-01,2008-01-01,1
-77.9375,-55.978329,743 / 744 / 772,FRI12S90_236 / FRI12C90_236,68 / 69 / 97,6.0 / 4.0,1990-02-06,1990-02-08,312
-77.935,-55.936111,777,FRI12C92_15,102,4.0,1992-01-28,1992-01-28,1212
-77.925,77.130997,1096,NA,173,6.0,2008-01-01,2008-01-01,1
-77.907,77.128998,1097,NA,173,6.0,2008-01-01,2008-01-01,1
-77.888,77.135002,1098,NA,173,6.0,2008-01-01,2008-01-01,1
-77.8802,158.458206,26,US_ITASE-06-1,1,4.0,2006-01-01,2006-01-01,108
-77.88,158.660004,27,US_ITASE-03-7,1,4.0,2003-01-01,2003-01-01,9
-77.878,41.25,1562,NA,174,6.0,1969-01-01,1969-01-01,1
-77.87,77.140999,1099,NA,173,6.0,2008-01-01,2008-01-01,1
-77.86722,-52.804169,779,FRI05S84_240,104,6.0,1984-01-28,1984-01-28,39
-77.855,-52.766701,783,FRI05S86_240,108,6.0,1986-01-20,1986-01-20,3
-77.853,77.160004,1100,NA,173,6.0,2008-01-01,2008-01-01,1
-77.8436,-102.910301,28,US_ITASE-01-2,1,4.0,2001-01-01,2001-01-01,70
-77.838333,-139.95,2509,Mile 927,225,nan,1960-01-30,1960-01-30,0
-77.835,77.190002,1101,NA,173,6.0,2008-01-01,2008-01-01,1
-77.816,77.195,1102,NA,173,6.0,2008-01-01,2008-01-01,1
-77.798,77.198997,1103,NA,173,6.0,2008-01-01,2008-01-01,1
-77.781,77.208,1104,NA,173,6.0,2008-01-01,2008-01-01,1
-77.762,77.217003,1105,NA,173,6.0,2008-01-01,2008-01-01,1
-77.7619,153.381393,29,US_ITASE-06-2,1,4.0,2006-01-01,2006-01-01,105
-77.744,77.214996,1106,NA,173,6.0,2008-01-01,2008-01-01,1
-77.743,41.283001,1563,NA,174,6.0,1969-01-01,1969-01-01,1
-77.729,77.179001,1107,NA,173,6.0,2008-01-01,2008-01-01,1
-77.71167,57.436668,782,FRI17S86_231,107,6.0,1986-02-04,1986-02-04,43
-77.711,77.155998,1108,NA,173,6.0,2008-01-01,2008-01-01,1
-77.693,77.144997,1109,NA,173,6.0,2008-01-01,2008-01-01,1
-77.683,-123.995003,30,US_ITASE-00-5 F,1,4.0,2000-01-01,2000-01-01,60
-77.68222,-57.326389,757 / 759,FRI17C90_231 / FRI17S90_231,82 / 84,4.0 / 6.0,1990-01-30,1990-01-30,289
-77.676,77.130997,1110,NA,173,6.0,2008-01-01,2008-01-01,1
-77.658,77.122002,1111,NA,173,6.0,2008-01-01,2008-01-01,1
-77.641,77.144997,1112,NA,173,6.0,2008-01-01,2008-01-01,1
-77.623,77.163002,1113,NA,173,6.0,2008-01-01,2008-01-01,1
-77.6116,-92.248299,31,US_ITASE-01-4,1,4.0,2001-01-01,2001-01-01,68
-77.608,41.417,1564,NA,174,6.0,1969-01-01,1969-01-01,1
-77.604,77.151001,1114,NA,173,6.0,2008-01-01,2008-01-01,1
-77.587,77.137001,1115,NA,173,6.0,2008-01-01,2008-01-01,1
-77.583,162.5,1938,NA,191,4.0,1998-01-01,1998-01-01,60
-77.57861,-50.579441,764,FRI01S84_141,89,6.0,1984-01-24,1984-01-24,43
-77.57,23.19,1981,NA,196,10.0,2016-12-22,2016-12-22,1
-77.569,77.117996,1116,NA,173,6.0,2008-01-01,2008-01-01,1
-77.552,77.109001,1117,NA,173,6.0,2008-01-01,2008-01-01,1
-77.534,77.093002,1118,NA,173,6.0,2008-01-01,2008-01-01,1
-77.516,77.070999,1119,NA,173,6.0,2008-01-01,2008-01-01,1
-77.51306,-54.546669,742 / 760,FRI11S90_235 / FRI11C90_235,67 / 85,6.0 / 4.0,1990-02-08,1990-02-08,314
-77.5,77.037003,1120,NA,173,6.0,2008-01-01,2008-01-01,1
-77.496667,-120.016667,2490,Mile 150,225,nan,1959-11-17,1959-11-17,0
-77.482,77.019997,1121,NA,173,6.0,2008-01-01,2008-01-01,1
-77.468,41.516998,1565,NA,174,6.0,1969-01-01,1969-01-01,1
-77.464,77.014,1122,NA,173,6.0,2008-01-01,2008-01-01,1
-77.446,77.0,1123,NA,173,6.0,2008-01-01,2008-01-01,1
-77.433,41.533001,1566,NA,174,6.0,1969-01-01,1969-01-01,1
-77.427,76.994003,1124,NA,173,6.0,2008-01-01,2008-01-01,1
-77.41,76.983002,1125,NA,173,6.0,2008-01-01,2008-01-01,1
-77.392,76.987,1126,NA,173,6.0,2008-01-01,2008-01-01,1
-77.376,76.974998,1127,NA,173,6.0,2008-01-01,2008-01-01,1
-77.363,76.920998,1128,NA,173,6.0,2008-01-01,2008-01-01,1
-77.358333,-141.766667,2508,Mile 890,225,nan,1960-01-27,1960-01-27,0
-77.35783,-56.05933,746 / 756,FRI16S90_230 / FRI16C90_230,71 / 81,6.0 / 4.0,1990-01-28,1990-01-28,297
-77.355,-56.040001,775,FRI16S86_230,100,6.0,1986-02-08,1986-02-08,24
-77.345,76.921997,1129,NA,173,6.0,2008-01-01,2008-01-01,1
-77.328,41.567001,1567,NA,174,6.0,1969-01-01,1969-01-01,1
-77.327,76.931999,1130,NA,173,6.0,2008-01-01,2008-01-01,1
-77.32,12.03,1991,NA,196,10.0,2017-01-26,2017-01-26,1
-77.309,39.695999,1638,NA,175,17.0,2007-12-10,2007-12-10,1
-77.308,76.934998,1131,NA,173,6.0,2008-01-01,2008-01-01,1
-77.291,76.945,1132,NA,173,6.0,2008-01-01,2008-01-01,1
-77.273,76.956001,1133,NA,173,6.0,2008-01-01,2008-01-01,1
-77.255,76.961998,1134,NA,173,6.0,2008-01-01,2008-01-01,1
-77.237,76.967003,1135,NA,173,6.0,2008-01-01,2008-01-01,1
-77.225,-119.85,2491,Mile 167,225,nan,1959-11-19,1959-11-19,0
-77.218,76.971001,1136,NA,173,6.0,2008-01-01,2008-01-01,1
-77.201,76.968002,1137,NA,173,6.0,2008-01-01,2008-01-01,1
-77.19389,-53.140831,752 / 755,FRI10S90_136 / FRI10C90_136,77 / 80,6.0 / 4.0,1990-01-20,1990-01-20,377
-77.188,41.650002,1568,NA,174,6.0,1969-01-01,1969-01-01,1
-77.183,76.973,1138,NA,173,6.0,2008-01-01,2008-01-01,1
-77.17,38.594002,1683,NA,175,17.0,2007-12-16,2007-12-16,1
-77.165,76.975998,1139,NA,173,6.0,2008-01-01,2008-01-01,1
-77.15,-139.3,2507,Mile 855,225,nan,1960-01-25,1960-01-25,0
-77.146,76.980003,1140,NA,173,6.0,2008-01-01,2008-01-01,1
-77.12917,-50.501389,778,FRI04S84_140,103,6.0,1984-01-22,1984-01-22,28
-77.129,76.985001,1141,NA,173,6.0,2008-01-01,2008-01-01,1
-77.111,76.973,1142,NA,173,6.0,2008-01-01,2008-01-01,1
-77.092,76.967003,1143,NA,173,6.0,2008-01-01,2008-01-01,1
-77.091,39.928001,1682,NA,175,17.0,2007-12-08,2007-12-08,1
-77.074,76.970001,1144,NA,173,6.0,2008-01-01,2008-01-01,1
-77.0593,-89.137604,32,US_ITASE-01-5,1,4.0,2001-01-01,2001-01-01,115
-77.057,76.975998,1145,NA,173,6.0,2008-01-01,2008-01-01,1
-77.053,41.75,1569,NA,174,6.0,1969-01-01,1969-01-01,1
-77.039,76.985001,1146,NA,173,6.0,2008-01-01,2008-01-01,1
-77.035,36.740002,1681,NA,175,17.0,2007-12-16,2007-12-16,1
-77.022,76.990997,1147,NA,173,6.0,2008-01-01,2008-01-01,1
-77.004,76.995003,1148,NA,173,6.0,2008-01-01,2008-01-01,1
-76.99333,-54.833328,769,FRI15S86_131,94,6.0,1986-02-08,1986-02-08,39
-76.987,76.998001,1149,NA,173,6.0,2008-01-01,2008-01-01,1
-76.983,41.799999,1570,NA,174,6.0,1969-01-01,1969-01-01,1
-76.98111,-52.26778,753,FRI09C90_90,78,4.0,1990-01-16,1990-01-16,300
-76.969,77.000999,1150,NA,173,6.0,2008-01-01,2008-01-01,1
-76.95889,-54.692219,741 / 758,FRI15C90_131 / FRI15S90_131,66 / 83,4.0 / 6.0,1990-01-24,1990-01-24,344
-76.952,-121.220001,62,THW2010,6,4.0,2011-01-14,2011-01-14,78
-76.951,77.005997,1151,NA,173,6.0,2008-01-01,2008-01-01,1
-76.935,77.009003,1152,NA,173,6.0,2008-01-01,2008-01-01,1
-76.926,-96.898003,944,iSTAR16,169,5.0,2013-12-26,2013-12-26,1324
-76.916,77.011002,1153,NA,173,6.0,2008-01-01,2008-01-01,1
-76.915,41.849998,1571,NA,174,6.0,1969-01-01,1969-01-01,1
-76.9,-136.866667,2506,Mile 819,225,nan,1960-01-23,1960-01-23,0
-76.9,20.66,1980,NA,196,10.0,2016-12-21,2016-12-21,1
-76.899,34.648998,1680,NA,175,17.0,2007-12-18,2007-12-18,1
-76.898,77.013,1154,NA,173,6.0,2008-01-01,2008-01-01,1
-76.88,77.017998,1155,NA,173,6.0,2008-01-01,2008-01-01,1
-76.862,77.019997,1156,NA,173,6.0,2008-01-01,2008-01-01,1
-76.85,-118.233333,2492,Mile 198,225,nan,1959-11-21,1959-11-21,0
-76.845,77.025002,1157,NA,173,6.0,2008-01-01,2008-01-01,1
-76.827,77.024002,1158,NA,173,6.0,2008-01-01,2008-01-01,1
-76.81,77.022003,1159,NA,173,6.0,2008-01-01,2008-01-01,1
-76.794,31.9,1679,NA,175,17.0,2007-12-20,2007-12-20,1
-76.793,77.027,1160,NA,173,6.0,2008-01-01,2008-01-01,1
-76.79,31.91,1994,NA,196,10.0,2016-12-26,2016-12-26,1
-76.774,77.025002,1161,NA,173,6.0,2008-01-01,2008-01-01,1
-76.77,-101.737999,63,DIV2010,6,4.0,2010-12-31,2010-12-31,120
-76.757,77.021004,1162,NA,173,6.0,2008-01-01,2008-01-01,1
-76.741,77.022003,1163,NA,173,6.0,2008-01-01,2008-01-01,1
-76.72,77.024002,1164,NA,173,6.0,2008-01-01,2008-01-01,1
-76.704,77.025002,1165,NA,173,6.0,2008-01-01,2008-01-01,1
-76.686,77.026001,1166,NA,173,6.0,2008-01-01,2008-01-01,1
-76.667,77.028999,1167,NA,173,6.0,2008-01-01,2008-01-01,1
-76.65,77.028999,1168,NA,173,6.0,2008-01-01,2008-01-01,1
-76.641,40.455002,1678,NA,175,17.0,2007-12-08,2007-12-08,1
-76.64,42.0,1572,NA,174,6.0,1969-01-01,1969-01-01,1
-76.638333,-134.5,2505,Mile 783,225,nan,1960-01-20,1960-01-20,0
-76.63,77.028,1169,NA,173,6.0,2008-01-01,2008-01-01,1
-76.626667,-117.616667,2493,Mile 222,225,nan,1959-11-24,1959-11-24,0
-76.625,29.903,1677,NA,175,17.0,2007-12-20,2007-12-20,1
-76.612,77.032997,1170,NA,173,6.0,2008-01-01,2008-01-01,1
-76.594,77.033997,1171,NA,173,6.0,2008-01-01,2008-01-01,1
-76.576,77.029999,1172,NA,173,6.0,2008-01-01,2008-01-01,1
-76.559,77.027,1173,NA,173,6.0,2008-01-01,2008-01-01,1
-76.541,77.025002,1174,NA,173,6.0,2008-01-01,2008-01-01,1
-76.54,7.2,1992,NA,196,10.0,2017-01-27,2017-01-27,1
-76.533333,6.133333,2483,Isaksson 76 32S/6 08E,223,nan,1989-01-01,1989-01-01,0
-76.523,77.030998,1175,NA,173,6.0,2008-01-01,2008-01-01,1
-76.507,42.099998,1573,NA,174,6.0,1969-01-01,1969-01-01,1
-76.507,77.031998,1176,NA,173,6.0,2008-01-01,2008-01-01,1
-76.487,77.033997,1177,NA,173,6.0,2008-01-01,2008-01-01,1
-76.47,77.037003,1178,NA,173,6.0,2008-01-01,2008-01-01,1
-76.452,77.038002,1179,NA,173,6.0,2008-01-01,2008-01-01,1
-76.434,77.038002,1180,NA,173,6.0,2008-01-01,2008-01-01,1
-76.416,77.032997,1181,NA,173,6.0,2008-01-01,2008-01-01,1
-76.404,-99.828003,948,iSTAR20,169,5.0,2014-01-04,2014-01-04,1309
-76.399,77.029999,1182,NA,173,6.0,2008-01-01,2008-01-01,1
-76.381,77.032997,1183,NA,173,6.0,2008-01-01,2008-01-01,1
-76.37,42.182999,1574,NA,174,6.0,1969-01-01,1969-01-01,1
-76.363,77.035004,1184,NA,173,6.0,2008-01-01,2008-01-01,1
-76.346,77.038002,1185,NA,173,6.0,2008-01-01,2008-01-01,1
-76.338333,-132.3,2504,Mile 747,225,nan,1960-01-17,1960-01-17,0
-76.329,28.158001,1639,NA,175,17.0,2007-12-22,2007-12-22,1
-76.328,77.042,1186,NA,173,6.0,2008-01-01,2008-01-01,1
-76.31,77.039001,1187,NA,173,6.0,2008-01-01,2008-01-01,1
-76.292,77.038002,1188,NA,173,6.0,2008-01-01,2008-01-01,1
-76.274,77.033997,1189,NA,173,6.0,2008-01-01,2008-01-01,1
-76.256,77.029999,1190,NA,173,6.0,2008-01-01,2008-01-01,1
-76.238,77.024002,1191,NA,173,6.0,2008-01-01,2008-01-01,1
-76.232,42.25,1575,NA,174,6.0,1969-01-01,1969-01-01,1
-76.224,-100.769997,949,iSTAR21,169,5.0,2014-01-04,2014-01-04,1341
-76.22,77.022003,1192,NA,173,6.0,2008-01-01,2008-01-01,1
-76.202,77.017998,1193,NA,173,6.0,2008-01-01,2008-01-01,1
-76.191,40.950001,1676,NA,175,17.0,2007-12-06,2007-12-06,1
-76.19,18.33,1979,NA,196,10.0,2016-12-20,2016-12-20,1
-76.184,77.010002,1194,NA,173,6.0,2008-01-01,2008-01-01,1
-76.167,77.003998,1195,NA,173,6.0,2008-01-01,2008-01-01,1
-76.148,76.996002,1196,NA,173,6.0,2008-01-01,2008-01-01,1
-76.13,76.987999,1197,NA,173,6.0,2008-01-01,2008-01-01,1
-76.114,76.987,1198,NA,173,6.0,2008-01-01,2008-01-01,1
-76.0973,-89.0177,33,US_ITASE-01-6,1,4.0,2001-01-01,2001-01-01,17
-76.095,42.317001,1576,NA,174,6.0,1969-01-01,1969-01-01,1
-76.094,76.981003,1199,NA,173,6.0,2008-01-01,2008-01-01,1
-76.075,76.972,1200,NA,173,6.0,2008-01-01,2008-01-01,1
-76.061667,-116.95,2494,Mile 258,225,nan,1959-11-27,1959-11-27,0
-76.058,76.968002,1201,NA,173,6.0,2008-01-01,2008-01-01,1
-76.052,22.74,1675,NA,175,17.0,2008-01-02,2008-01-02,1
-76.04,76.961998,1202,NA,173,6.0,2008-01-01,2008-01-01,1
-76.038333,-130.166667,2503,Mile 711.5,225,nan,1960-01-10,1960-01-10,0
-76.032,26.349001,1674,NA,175,17.0,2007-12-24,2007-12-24,1
-76.022,76.948997,1203,NA,173,6.0,2008-01-01,2008-01-01,1
-76.016667,-123.683333,2500,Mile 603,225,nan,1960-01-01,1960-01-01,0
-76.004,76.942001,1204,NA,173,6.0,2008-01-01,2008-01-01,1
-75.986667,-121.083333,2499,Mile 565,225,nan,1959-12-30,1959-12-30,0
-75.983,76.920998,1205,NA,173,6.0,2008-01-01,2008-01-01,1
-75.969,76.905998,1206,NA,173,6.0,2008-01-01,2008-01-01,1
-75.957,42.382999,1577,NA,174,6.0,1969-01-01,1969-01-01,1
-75.951,76.892998,1207,NA,173,6.0,2008-01-01,2008-01-01,1
-75.934,76.875,1208,NA,173,6.0,2008-01-01,2008-01-01,1
-75.933334,7.213,794,DML09C97_00,119,15.0,1997-01-28,1997-01-28,1085
-75.917,76.856003,1209,NA,173,6.0,2008-01-01,2008-01-01,1
-75.899,76.841003,1210,NA,173,6.0,2008-01-01,2008-01-01,1
-75.888,25.834,1640,NA,175,17.0,2007-12-24,2007-12-24,1
-75.881,76.834999,1211,NA,173,6.0,2008-01-01,2008-01-01,1
-75.864,76.824997,1212,NA,173,6.0,2008-01-01,2008-01-01,1
-75.844,76.828003,1213,NA,173,6.0,2008-01-01,2008-01-01,1
-75.827,76.823997,1214,NA,173,6.0,2008-01-01,2008-01-01,1
-75.82,42.466999,1578,NA,174,6.0,1969-01-01,1969-01-01,1
-75.808,76.82,1215,NA,173,6.0,2008-01-01,2008-01-01,1
-75.805,-94.231003,942,iSTAR14,169,5.0,2013-12-20,2013-12-20,1319
-75.804,-100.279999,950,iSTAR22,169,5.0,2014-01-08,2014-01-08,1318
-75.803,-99.047997,947,iSTAR19,169,5.0,2014-01-04,2014-01-04,1326
-75.796667,-128.066667,2502,Mile 676,225,nan,1960-01-07,1960-01-07,0
-75.794,76.818001,1216,NA,173,6.0,2008-01-01,2008-01-01,1
-75.786667,-118.75,2498,Mile 529,225,nan,1959-12-27,1959-12-27,0
-75.772,76.821999,1217,NA,173,6.0,2008-01-01,2008-01-01,1
-75.754,76.831001,1218,NA,173,6.0,2008-01-01,2008-01-01,1
-75.75283,3.282833,792,DML08C97_00,117,15.0,1997-01-22,1997-01-22,1488
-75.75,-96.730003,943,iSTAR15,169,5.0,2013-12-24,2013-12-24,1324
-75.746,41.459,1673,NA,175,17.0,2007-12-04,2007-12-04,1
-75.74,-97.93,945,iSTAR17,169,5.0,2013-12-28,2013-12-28,1334
-75.737,76.831001,1219,NA,173,6.0,2008-01-01,2008-01-01,1
-75.719,76.835999,1220,NA,173,6.0,2008-01-01,2008-01-01,1
-75.711667,-125.633333,2501,Mile 639,225,nan,1960-01-05,1960-01-05,0
-75.701,76.844002,1221,NA,173,6.0,2008-01-01,2008-01-01,1
-75.684,76.850998,1222,NA,173,6.0,2008-01-01,2008-01-01,1
-75.683,42.483002,1579,NA,174,6.0,1969-01-01,1969-01-01,1
-75.67,-94.690002,941,iSTAR13,169,5.0,2013-12-20,2013-12-20,1309
-75.67,2.9,1993,NA,196,10.0,2017-01-28,2017-01-28,1
-75.665,76.859001,1223,NA,173,6.0,2008-01-01,2008-01-01,1
-75.654,19.24,1672,NA,175,17.0,2008-01-04,2008-01-04,1
-75.647,76.872002,1224,NA,173,6.0,2008-01-01,2008-01-01,1
-75.629,76.871002,1225,NA,173,6.0,2008-01-01,2008-01-01,1
-75.617,-99.072998,946,iSTAR18,169,5.0,2013-12-31,2013-12-31,1324
-75.612,76.873001,1226,NA,173,6.0,2008-01-01,2008-01-01,1
-75.594,76.880997,1227,NA,173,6.0,2008-01-01,2008-01-01,1
-75.588333,-116.45,2495,Mile 288,225,nan,1959-11-30,1959-11-30,0
-75.5815,-3.430333,795 / 809,DML07C98_3 / DML07C97_00,120 / 134,4.0 / 15.0,1997-01-01,1997-12-20,2463
-75.576,76.883003,1228,NA,173,6.0,2008-01-01,2008-01-01,1
-75.558,76.884003,1229,NA,173,6.0,2008-01-01,2008-01-01,1
-75.545,42.567001,1580,NA,174,6.0,1969-01-01,1969-01-01,1
-75.54,76.885002,1230,NA,173,6.0,2008-01-01,2008-01-01,1
-75.522,76.875,1231,NA,173,6.0,2008-01-01,2008-01-01,1
-75.506,76.872002,1232,NA,173,6.0,2008-01-01,2008-01-01,1
-75.486,76.875999,1233,NA,173,6.0,2008-01-01,2008-01-01,1
-75.48,16.32,1978,NA,196,10.0,2016-12-19,2016-12-19,1
-75.468,76.884003,1234,NA,173,6.0,2008-01-01,2008-01-01,1
-75.456,-93.718002,934,iSTAR06,169,5.0,2013-12-04,2013-12-04,1293
-75.45,76.896004,1235,NA,173,6.0,2008-01-01,2008-01-01,1
-75.442,42.599998,1581,NA,174,6.0,1969-01-01,1969-01-01,1
-75.44,-94.459999,935,iSTAR07,169,5.0,2013-12-08,2013-12-08,1306
-75.433,76.903,1236,NA,173,6.0,2008-01-01,2008-01-01,1
-75.431,-92.059998,933,iSTAR05,169,5.0,2013-12-02,2013-12-02,1296
-75.416667,-116.3,2496,Mile 360,225,nan,1959-12-21,1959-12-21,0
-75.415,76.917,1237,NA,173,6.0,2008-01-01,2008-01-01,1
-75.407,42.617001,1582,NA,174,6.0,1969-01-01,1969-01-01,1
-75.398,76.918999,1238,NA,173,6.0,2008-01-01,2008-01-01,1
-75.38,76.922997,1239,NA,173,6.0,2008-01-01,2008-01-01,1
-75.361,76.925003,1240,NA,173,6.0,2008-01-01,2008-01-01,1
-75.342,76.925003,1241,NA,173,6.0,2008-01-01,2008-01-01,1
-75.323,76.925003,1242,NA,173,6.0,2008-01-01,2008-01-01,1
-75.319,-90.524002,932,iSTAR04,169,5.0,2013-12-01,2013-12-01,1310
-75.306,76.929001,1243,NA,173,6.0,2008-01-01,2008-01-01,1
-75.303,41.945,1671,NA,175,17.0,2007-12-04,2007-12-04,1
-75.287,18.421,1670,NA,175,17.0,2008-01-04,2008-01-04,1
-75.287,76.931999,1244,NA,173,6.0,2008-01-01,2008-01-01,1
-75.27216,0.537226,728,DML84S05_19,53,4.0,2006-01-04,2006-01-04,21
-75.27,42.682999,1583,NA,174,6.0,1969-01-01,1969-01-01,1
-75.269,76.938004,1245,NA,173,6.0,2008-01-01,2008-01-01,1
-75.265114,6.248196,732,DML85S05_20,57,4.0,2006-01-06,2006-01-06,21
-75.25647,6.956798,733,DML86S05_21,58,4.0,2006-01-06,2006-01-06,21
-75.25083,6.501667,825,DML23C98_12,150,11.0,1998-01-12,1998-01-12,338
-75.250336,-6.0,824,DML18C98_04,149,11.0,1997-12-16,1997-12-16,247
-75.25,76.939003,1246,NA,173,6.0,2008-01-01,2008-01-01,1
-75.247444,4.833094,736,DML83S05_18,61,4.0,2006-01-04,2006-01-04,21
-75.23625,3.424011,730,DML81S05_16,55,4.0,2006-01-04,2006-01-04,21
-75.233,76.945999,1247,NA,173,6.0,2008-01-01,2008-01-01,1
-75.231415,2.713953,726,DML80S05_15,51,4.0,2006-01-04,2006-01-04,21
-75.22775,7.655268,723 / 735,DML87S05_22,48 / 60,4.0,2006-01-06,2006-01-06,161
-75.22739,4.131404,729,DML82S05_17,54,4.0,2006-01-04,2006-01-24,21
-75.215,76.955002,1248,NA,173,6.0,2008-01-01,2008-01-01,1
-75.21,9.58,1975,NA,196,10.0,2016-12-16,2016-12-16,1
-75.20372,2.012168,734,DML79S05_14,59,4.0,2006-01-04,2006-01-04,21
-75.197,76.956001,1249,NA,173,6.0,2008-01-01,2008-01-01,1
-75.18197,8.337033,738,DML88S05_23,63,4.0,2006-01-08,2006-01-08,21
-75.18,6.12,1974,NA,196,10.0,2016-12-15,2016-12-15,1
-75.18,12.66,1976,NA,196,10.0,2016-12-17,2016-12-17,1
-75.178,76.956001,1250,NA,173,6.0,2008-01-01,2008-01-01,1
-75.167336,-0.995,818,DML19C98_05,143,11.0,1997-12-24,1997-12-24,4964
-75.167336,5.003333,831,DML16C98_13,156,11.0,1998-01-12,1998-01-12,4373
-75.167,5.001,1669,NA,175,17.0,2008-01-10,2008-01-10,1
-75.167,6.4985,828,DML17C98_3,153,11.0,1998-01-08,1998-01-08,971
-75.163,7.001,1668,NA,175,17.0,2008-01-08,2008-01-08,1
-75.16,76.953003,1251,NA,173,6.0,2008-01-01,2008-01-01,1
-75.146835,1.34037,727,DML78S05_13,52,4.0,2006-01-02,2006-01-02,21
-75.143,76.956001,1252,NA,173,6.0,2008-01-01,2008-01-01,1
-75.14211,9.026305,731,DML89S05_24,56,4.0,2006-01-08,2006-01-08,21
-75.132,42.766998,1584,NA,174,6.0,1969-01-01,1969-01-01,1
-75.13,15.4,1977,NA,196,10.0,2016-12-18,2016-12-18,1
-75.124,76.958,1253,NA,173,6.0,2008-01-01,2008-01-01,1
-75.11691,9.723999,739,DML90S05_25,64,4.0,2006-01-08,2006-01-08,21
-75.11,2.89,1973,NA,196,10.0,2016-12-14,2016-12-14,1
-75.108,9.962,1667,NA,175,17.0,2008-01-08,2008-01-08,1
-75.106,76.960999,1254,NA,173,6.0,2008-01-01,2008-01-01,1
-75.1,-9.5,2480,Isaksson J,223,nan,1989-01-01,1989-01-01,0
-75.09,-95.089996,936,iSTAR08,169,5.0,2013-12-12,2013-12-12,1304
-75.088,76.960999,1255,NA,173,6.0,2008-01-01,2008-01-01,1
-75.084,6.5,816,DML22C98_11,141,11.0,1998-01-06,1998-01-06,465
-75.083664,2.501,823,DML15C98_14,148,11.0,1998-01-14,1998-01-14,415
-75.073,2.139,1666,NA,175,17.0,2008-01-12,2008-01-12,1
-75.07,76.960999,1256,NA,173,6.0,2008-01-01,2008-01-01,1
-75.06028,0.722052,725,DML77S05_12,50,4.0,2006-01-02,2006-01-02,21
-75.056,0.704017,807,DML27C00_04,132,11.0,2000-01-28,2000-01-28,1764
-75.054,-5.539,1665,NA,175,17.0,2008-01-16,2008-01-16,1
-75.052,76.960999,1257,NA,173,6.0,2008-01-01,2008-01-01,1
-75.038,-2.38,1664,NA,175,17.0,2008-01-14,2008-01-14,1
-75.034,76.964996,1258,NA,173,6.0,2008-01-01,2008-01-01,1
-75.028,16.332001,1663,NA,175,17.0,2008-01-04,2008-01-04,1
-75.027,-8.458,1662,NA,175,17.0,2008-01-16,2008-01-16,1
-75.016,76.969002,1259,NA,173,6.0,2008-01-01,2008-01-01,1
-75.01,0.08,849 / 850 / 851 / 852 / 853 / 854 / 855 / 856 / 857 / 858 / 859 / 860 / 861 / 862 / 863 / 864 / 865 / 866 / 867 / 868 / 869 / 870 / 871 / 872 / 873 / 874 / 875 / 876 / 877 / 878,NA,165,10.0 / 4.0 / 6.0,2017-01-24,2017-01-24,248590
-75.006,0.081867,806,DML25C00_01,131,11.0,2000-01-04,2000-01-04,1641
-75.00478,0.079533,737,DML76S05_11,62,4.0,2005-12-28,2005-12-28,21
-75.004,0.057,1641,NA,175,17.0,2008-01-12,2008-01-12,1
-75.00267,0.022667,819,DML05C98_06,144,11.0,1997-12-28,1997-12-28,4633
-75.0025,0.007333,810,DML05C97_00,135,15.0,1997-01-16,1997-01-16,1188
-75.002335,0.007,813,DML05C98_3,138,11.0,1997-12-24,1997-12-24,2379
-75.0017,0.0678,740,DML28C01_00,65,4.0,2001-01-28,2001-01-28,98
-75.00066,-6.498333,814,DML12C98_17,139,11.0,1998-01-20,1998-01-20,451
-75.00066,8.005333,805,DML06C97_00,130,15.0,1997-01-26,1997-01-26,1568
-75.0,-10.003,1661,NA,175,17.0,2008-01-16,2008-01-16,1
-75.0,-4.496333,822,DML13C98_16,147,11.0,1998-01-20,1998-01-20,359
-75.0,2.0,2481,Isaksson 75 S/2 E,223,nan,1989-01-01,1989-01-01,0
-75.0,147.0,2527,Station 512,231,nan,1959-11-27,1959-11-27,0
-74.998,-93.93,940,iSTAR12,169,5.0,2013-12-16,2013-12-16,1326
-74.997,0.036167,817,DML05C98_07,142,15.0,1997-12-30,1997-12-30,4908
-74.997,76.967003,1260,NA,173,6.0,2008-01-01,2008-01-01,1
-74.995,42.833,1585,NA,174,6.0,1969-01-01,1969-01-01,1
-74.993333,-116.116667,2497,Mile 457,225,nan,1959-12-24,1959-12-24,0
-74.98,76.969002,1261,NA,173,6.0,2008-01-01,2008-01-01,1
-74.97,12.885,1660,NA,175,17.0,2008-01-08,2008-01-08,1
-74.96845,3.918167,821,DML02S98_13,146,11.0,1998-01-12,1998-01-12,430
-74.962,76.973,1262,NA,173,6.0,2008-01-01,2008-01-01,1
-74.956,-94.630997,937,iSTAR09,169,5.0,2013-12-14,2013-12-14,1315
-74.949165,-1.4945,826,DML14C98_15,151,11.0,1998-01-16,1998-01-16,449
-74.943,76.973999,1263,NA,173,6.0,2008-01-01,2008-01-01,1
-74.925,76.973999,1264,NA,173,6.0,2008-01-01,2008-01-01,1
-74.907,76.977997,1265,NA,173,6.0,2008-01-01,2008-01-01,1
-74.888,76.978996,1266,NA,173,6.0,2008-01-01,2008-01-01,1
-74.87,76.978996,1267,NA,173,6.0,2008-01-01,2008-01-01,1
-74.862,14.742,1659,NA,175,17.0,2008-01-06,2008-01-06,1
-74.857,42.348999,1658,NA,175,17.0,2007-12-04,2007-12-04,1
-74.857,42.849998,1586,NA,174,6.0,1969-01-01,1969-01-01,1
-74.855,-2.55,790,DML01C97_00,115,15.0,1997-01-12,1997-01-12,499
-74.85467,-8.497,827,DML11C98_03,152,11.0,1997-12-16,1997-12-16,283
-74.852,76.978996,1268,NA,173,6.0,2008-01-01,2008-01-01,1
-74.834,76.981003,1269,NA,173,6.0,2008-01-01,2008-01-01,1
-74.818,-12.302,1642,NA,175,17.0,2008-01-20,2008-01-20,1
-74.816,76.983002,1270,NA,173,6.0,2008-01-01,2008-01-01,1
-74.798,76.986,1271,NA,173,6.0,2008-01-01,2008-01-01,1
-74.78,76.988998,1272,NA,173,6.0,2008-01-01,2008-01-01,1
-74.766667,-10.783333,2479,Isaksson I,223,nan,1989-01-01,1989-01-01,0
-74.762,76.990997,1273,NA,173,6.0,2008-01-01,2008-01-01,1
-74.75066,0.999833,815,DML20C98_08,140,11.0,1997-12-31,1997-12-31,515
-74.744,76.990997,1274,NA,173,6.0,2008-01-01,2008-01-01,1
-74.725,76.996002,1275,NA,173,6.0,2008-01-01,2008-01-01,1
-74.718,42.849998,1587,NA,174,6.0,1969-01-01,1969-01-01,1
-74.707,76.998001,1276,NA,173,6.0,2008-01-01,2008-01-01,1
-74.689,77.001999,1277,NA,173,6.0,2008-01-01,2008-01-01,1
-74.671,77.004997,1278,NA,173,6.0,2008-01-01,2008-01-01,1
-74.66717,4.001667,832,DML21C98_10,157,15.0,1998-01-04,1998-01-04,5887
-74.653,77.007004,1279,NA,173,6.0,2008-01-01,2008-01-01,1
-74.635,77.013,1280,NA,173,6.0,2008-01-01,2008-01-01,1
-74.62,-92.699997,939,iSTAR11,169,5.0,2013-12-16,2013-12-16,1293
-74.617,77.015999,1281,NA,173,6.0,2008-01-01,2008-01-01,1
-74.599,77.018997,1282,NA,173,6.0,2008-01-01,2008-01-01,1
-74.582,77.022003,1283,NA,173,6.0,2008-01-01,2008-01-01,1
-74.58,42.849998,1588,NA,174,6.0,1969-01-01,1969-01-01,1
-74.565,-86.913002,930,iSTAR01,169,5.0,2013-11-24,2013-11-24,1302
-74.564,77.027,1284,NA,173,6.0,2008-01-01,2008-01-01,1
-74.547,77.028999,1285,NA,173,6.0,2008-01-01,2008-01-01,1
-74.528,77.030998,1286,NA,173,6.0,2008-01-01,2008-01-01,1
-74.512,77.032997,1287,NA,173,6.0,2008-01-01,2008-01-01,1
-74.5,123.166667,2457,Dome C,216,nan,1979-01-01,1979-01-01,0
-74.4995,1.961167,804,DML03C97_00,129,4.0,1997-01-04,1997-01-04,1154
-74.49917,1.960833,835,DML03C98_09,160,11.0,1998-01-02,1998-01-02,6921
-74.489,77.043999,1288,NA,173,6.0,2008-01-01,2008-01-01,1
-74.474,77.042,1289,NA,173,6.0,2008-01-01,2008-01-01,1
-74.456,77.041,1290,NA,173,6.0,2008-01-01,2008-01-01,1
-74.449,-9.18067,836,DML24C98_18,161,11.0,1998-12-28,1998-12-28,2329
-74.442,-93.447998,938,iSTAR10,169,5.0,2013-12-04,2013-12-04,1277
-74.44,42.867001,1589,NA,174,6.0,1969-01-01,1969-01-01,1
-74.438,77.042,1291,NA,173,6.0,2008-01-01,2008-01-01,1
-74.422,77.038002,1292,NA,173,6.0,2008-01-01,2008-01-01,1
-74.403,42.702999,1657,NA,175,17.0,2007-12-02,2007-12-02,1
-74.402,77.037003,1293,NA,173,6.0,2008-01-01,2008-01-01,1
-74.399,7.2175,793,DML04C97_00,118,15.0,1997-01-24,1997-01-24,1626
-74.383,77.033997,1294,NA,173,6.0,2008-01-01,2008-01-01,1
-74.365,77.030998,1295,NA,173,6.0,2008-01-01,2008-01-01,1
-74.351389,-11.7225,2478,Isaksson H,223,nan,1989-01-01,1989-01-01,0
-74.347,77.026001,1296,NA,173,6.0,2008-01-01,2008-01-01,1
-74.337,42.867001,1590,NA,174,6.0,1969-01-01,1969-01-01,1
-74.329,77.024002,1297,NA,173,6.0,2008-01-01,2008-01-01,1
-74.311,77.022003,1298,NA,173,6.0,2008-01-01,2008-01-01,1
-74.302,42.867001,1591,NA,174,6.0,1969-01-01,1969-01-01,1
-74.293,77.017998,1299,NA,173,6.0,2008-01-01,2008-01-01,1
-74.276,77.013,1300,NA,173,6.0,2008-01-01,2008-01-01,1
-74.266667,0.616667,2482,Isaksson 74 16S/0 37E,223,nan,1989-01-01,1989-01-01,0
-74.257,77.004997,1301,NA,173,6.0,2008-01-01,2008-01-01,1
-74.239,77.002998,1302,NA,173,6.0,2008-01-01,2008-01-01,1
-74.221,77.001999,1303,NA,173,6.0,2008-01-01,2008-01-01,1
-74.205,-9.741667,830,DML60C98_02,155,15.0,1997-12-12,1997-12-12,4544
-74.204,77.004997,1304,NA,173,6.0,2008-01-01,2008-01-01,1
-74.186,77.008003,1305,NA,173,6.0,2008-01-01,2008-01-01,1
-74.172,126.053001,1700,NA,177,4.0,2009-02-02,2009-02-02,11
-74.168,77.011002,1306,NA,173,6.0,2008-01-01,2008-01-01,1
-74.163,42.867001,1592,NA,174,6.0,1969-01-01,1969-01-01,1
-74.15,77.011002,1307,NA,173,6.0,2008-01-01,2008-01-01,1
-74.131,77.002998,1308,NA,173,6.0,2008-01-01,2008-01-01,1
-74.113,77.003998,1309,NA,173,6.0,2008-01-01,2008-01-01,1
-74.111,-89.223999,931,iSTAR03,169,5.0,2013-11-28,2013-11-28,1309
-74.095,77.001999,1310,NA,173,6.0,2008-01-01,2008-01-01,1
-74.077,76.998001,1311,NA,173,6.0,2008-01-01,2008-01-01,1
-74.058,76.992996,1312,NA,173,6.0,2008-01-01,2008-01-01,1
-74.04,76.988998,1313,NA,173,6.0,2008-01-01,2008-01-01,1
-74.025,42.882999,1593,NA,174,6.0,1969-01-01,1969-01-01,1
-74.022,76.986,1314,NA,173,6.0,2008-01-01,2008-01-01,1
-74.016667,-12.016667,2477,Isaksson G26m,223,nan,1989-01-01,1989-01-01,0
-74.013889,-12.016389,2476,Isaksson G,223,nan,1989-01-01,1989-01-01,0
-74.004,76.988998,1315,NA,173,6.0,2008-01-01,2008-01-01,1
-74.0,143.0,2528,Station 519,231,nan,1959-12-07,1959-12-07,0
-73.987,76.989998,1316,NA,173,6.0,2008-01-01,2008-01-01,1
-73.969,76.988998,1317,NA,173,6.0,2008-01-01,2008-01-01,1
-73.958,-12.088,1656,NA,175,17.0,2008-01-22,2008-01-22,1
-73.951,76.987,1318,NA,173,6.0,2008-01-01,2008-01-01,1
-73.936,43.021999,1655,NA,175,17.0,2007-11-28,2007-11-28,1
-73.933,76.987999,1319,NA,173,6.0,2008-01-01,2008-01-01,1
-73.916,76.989998,1320,NA,173,6.0,2008-01-01,2008-01-01,1
-73.899,76.992996,1321,NA,173,6.0,2008-01-01,2008-01-01,1
-73.888,42.882999,1594,NA,174,6.0,1969-01-01,1969-01-01,1
-73.881,76.987,1322,NA,173,6.0,2008-01-01,2008-01-01,1
-73.864,76.978996,1323,NA,173,6.0,2008-01-01,2008-01-01,1
-73.845,76.981003,1324,NA,173,6.0,2008-01-01,2008-01-01,1
-73.827,76.982002,1325,NA,173,6.0,2008-01-01,2008-01-01,1
-73.815833,-12.210278,2475,Isaksson F,223,nan,1989-01-01,1989-01-01,0
-73.81,76.983002,1326,NA,173,6.0,2008-01-01,2008-01-01,1
-73.794,76.982002,1327,NA,173,6.0,2008-01-01,2008-01-01,1
-73.777,76.973999,1328,NA,173,6.0,2008-01-01,2008-01-01,1
-73.76,76.970001,1329,NA,173,6.0,2008-01-01,2008-01-01,1
-73.748,42.900002,1595,NA,174,6.0,1969-01-01,1969-01-01,1
-73.742,76.971001,1330,NA,173,6.0,2008-01-01,2008-01-01,1
-73.724,76.970001,1331,NA,173,6.0,2008-01-01,2008-01-01,1
-73.707,76.963997,1332,NA,173,6.0,2008-01-01,2008-01-01,1
-73.69,76.982002,1333,NA,173,6.0,2008-01-01,2008-01-01,1
-73.672,77.0,1334,NA,173,6.0,2008-01-01,2008-01-01,1
-73.663,76.967003,1335,NA,173,6.0,2008-01-01,2008-01-01,1
-73.648,76.966003,1336,NA,173,6.0,2008-01-01,2008-01-01,1
-73.621,76.969002,1337,NA,173,6.0,2008-01-01,2008-01-01,1
-73.604,76.969002,1338,NA,173,6.0,2008-01-01,2008-01-01,1
-73.6,-12.433333,2474,Isaksson E30m,223,nan,1989-01-01,1989-01-01,0
-73.593889,-12.426667,2473,Isaksson E,223,nan,1989-01-01,1989-01-01,0
-73.588,76.968002,1339,NA,173,6.0,2008-01-01,2008-01-01,1
-73.579,43.168999,1654,NA,175,17.0,2007-11-28,2007-11-28,1
-73.57,76.970001,1340,NA,173,6.0,2008-01-01,2008-01-01,1
-73.553,76.972,1341,NA,173,6.0,2008-01-01,2008-01-01,1
-73.542,42.917,1596,NA,174,6.0,1969-01-01,1969-01-01,1
-73.536,76.976997,1342,NA,173,6.0,2008-01-01,2008-01-01,1
-73.52,76.980003,1343,NA,173,6.0,2008-01-01,2008-01-01,1
-73.503,76.983002,1344,NA,173,6.0,2008-01-01,2008-01-01,1
-73.486,76.984001,1345,NA,173,6.0,2008-01-01,2008-01-01,1
-73.472,42.917,1597,NA,174,6.0,1969-01-01,1969-01-01,1
-73.469,76.980003,1346,NA,173,6.0,2008-01-01,2008-01-01,1
-73.456667,-12.625,2472,Isaksson D,223,nan,1989-01-01,1989-01-01,0
-73.452,76.983002,1347,NA,173,6.0,2008-01-01,2008-01-01,1
-73.435,76.989998,1348,NA,173,6.0,2008-01-01,2008-01-01,1
-73.418,76.999001,1349,NA,173,6.0,2008-01-01,2008-01-01,1
-73.402,77.004997,1350,NA,173,6.0,2008-01-01,2008-01-01,1
-73.385,77.008003,1351,NA,173,6.0,2008-01-01,2008-01-01,1
-73.368,77.012001,1352,NA,173,6.0,2008-01-01,2008-01-01,1
-73.35,77.027,1353,NA,173,6.0,2008-01-01,2008-01-01,1
-73.335,42.932999,1598,NA,174,6.0,1969-01-01,1969-01-01,1
-73.315,77.039001,1354,NA,173,6.0,2008-01-01,2008-01-01,1
-73.315,77.055,1355,NA,173,6.0,2008-01-01,2008-01-01,1
-73.297,77.065002,1356,NA,173,6.0,2008-01-01,2008-01-01,1
-73.28,-13.132,1653,NA,175,17.0,2008-01-24,2008-01-24,1
-73.279,77.079002,1357,NA,173,6.0,2008-01-01,2008-01-01,1
-73.262,77.093002,1358,NA,173,6.0,2008-01-01,2008-01-01,1
-73.244,77.103996,1359,NA,173,6.0,2008-01-01,2008-01-01,1
-73.229,77.122002,1360,NA,173,6.0,2008-01-01,2008-01-01,1
-73.209,77.127998,1361,NA,173,6.0,2008-01-01,2008-01-01,1
-73.198,42.950001,1599,NA,174,6.0,1969-01-01,1969-01-01,1
-73.192,77.139999,1362,NA,173,6.0,2008-01-01,2008-01-01,1
-73.175,77.156998,1363,NA,173,6.0,2008-01-01,2008-01-01,1
-73.156,77.165001,1364,NA,173,6.0,2008-01-01,2008-01-01,1
-73.143,77.175003,1365,NA,173,6.0,2008-01-01,2008-01-01,1
-73.141,128.598999,1701,NA,177,4.0,2009-02-04,2009-02-04,11
-73.131,77.184998,1366,NA,173,6.0,2008-01-01,2008-01-01,1
-73.112778,39.758333,2511,Mizuho G6,226,nan,1996-01-01,1996-01-01,0
-73.105,-13.165,1643,NA,175,17.0,2008-01-28,2008-01-28,1
-73.105,77.202003,1367,NA,173,6.0,2008-01-01,2008-01-01,1
-73.097,43.388,1652,NA,175,17.0,2007-11-26,2007-11-26,1
-73.093,42.950001,1600,NA,174,6.0,1969-01-01,1969-01-01,1
-73.086,77.213997,1368,NA,173,6.0,2008-01-01,2008-01-01,1
-73.068,77.228996,1369,NA,173,6.0,2008-01-01,2008-01-01,1
-73.058,42.983002,1601,NA,174,6.0,1969-01-01,1969-01-01,1
-73.05,77.240997,1370,NA,173,6.0,2008-01-01,2008-01-01,1
-73.033,77.253998,1371,NA,173,6.0,2008-01-01,2008-01-01,1
-73.016,77.264999,1372,NA,173,6.0,2008-01-01,2008-01-01,1
-73.0,141.0,2530,Station 524,231,nan,1959-12-15,1959-12-15,0
-73.0,142.0,2529,Station 521,231,nan,1959-12-10,1959-12-10,0
-72.998,77.278,1373,NA,173,6.0,2008-01-01,2008-01-01,1
-72.981,77.289001,1374,NA,173,6.0,2008-01-01,2008-01-01,1
-72.963,77.303001,1375,NA,173,6.0,2008-01-01,2008-01-01,1
-72.945,77.315002,1376,NA,173,6.0,2008-01-01,2008-01-01,1
-72.928,77.324997,1377,NA,173,6.0,2008-01-01,2008-01-01,1
-72.922,43.016998,1602,NA,174,6.0,1969-01-01,1969-01-01,1
-72.91,77.338997,1378,NA,173,6.0,2008-01-01,2008-01-01,1
-72.893,77.348,1379,NA,173,6.0,2008-01-01,2008-01-01,1
-72.875,77.362,1380,NA,173,6.0,2008-01-01,2008-01-01,1
-72.858,77.375999,1381,NA,173,6.0,2008-01-01,2008-01-01,1
-72.84,77.387001,1382,NA,173,6.0,2008-01-01,2008-01-01,1
-72.823,77.399002,1383,NA,173,6.0,2008-01-01,2008-01-01,1
-72.816667,159.183333,2576,TalDIce ice core,248,4.0,1996-11-01,1996-11-01,121
-72.805,77.412003,1384,NA,173,6.0,2008-01-01,2008-01-01,1
-72.793,43.52,1651,NA,175,17.0,2007-11-24,2007-11-24,1
-72.787,77.421997,1385,NA,173,6.0,2008-01-01,2008-01-01,1
-72.783,43.033001,1603,NA,174,6.0,1969-01-01,1969-01-01,1
-72.77,77.436996,1386,NA,173,6.0,2008-01-01,2008-01-01,1
-72.761944,-14.589722,2471,Isaksson C,223,nan,1989-01-01,1989-01-01,0
-72.752,77.445999,1387,NA,173,6.0,2008-01-01,2008-01-01,1
-72.735,77.457001,1388,NA,173,6.0,2008-01-01,2008-01-01,1
-72.716,77.470001,1389,NA,173,6.0,2008-01-01,2008-01-01,1
-72.701,77.482002,1390,NA,173,6.0,2008-01-01,2008-01-01,1
-72.683,77.496002,1391,NA,173,6.0,2008-01-01,2008-01-01,1
-72.664,77.505997,1392,NA,173,6.0,2008-01-01,2008-01-01,1
-72.654167,-16.645556,2470,Isaksson A,223,nan,1989-01-01,1989-01-01,0
-72.647,77.515999,1393,NA,173,6.0,2008-01-01,2008-01-01,1
-72.645,43.083,1604,NA,174,6.0,1969-01-01,1969-01-01,1
-72.629,77.527,1394,NA,173,6.0,2008-01-01,2008-01-01,1
-72.611,77.540001,1395,NA,173,6.0,2008-01-01,2008-01-01,1
-72.594,77.552002,1396,NA,173,6.0,2008-01-01,2008-01-01,1
-72.576,77.563004,1397,NA,173,6.0,2008-01-01,2008-01-01,1
-72.559,77.574997,1398,NA,173,6.0,2008-01-01,2008-01-01,1
-72.542,77.585999,1399,NA,173,6.0,2008-01-01,2008-01-01,1
-72.524,77.597,1400,NA,173,6.0,2008-01-01,2008-01-01,1
-72.507,43.099998,1605,NA,174,6.0,1969-01-01,1969-01-01,1
-72.506,77.608002,1401,NA,173,6.0,2008-01-01,2008-01-01,1
-72.489,77.617996,1402,NA,173,6.0,2008-01-01,2008-01-01,1
-72.471,77.633003,1403,NA,173,6.0,2008-01-01,2008-01-01,1
-72.453,77.643997,1404,NA,173,6.0,2008-01-01,2008-01-01,1
-72.435,77.654999,1405,NA,173,6.0,2008-01-01,2008-01-01,1
-72.418,77.666,1406,NA,173,6.0,2008-01-01,2008-01-01,1
-72.4,77.679001,1407,NA,173,6.0,2008-01-01,2008-01-01,1
-72.383,77.691002,1408,NA,173,6.0,2008-01-01,2008-01-01,1
-72.372,43.117001,1606,NA,174,6.0,1969-01-01,1969-01-01,1
-72.365,77.697998,1409,NA,173,6.0,2008-01-01,2008-01-01,1
-72.364,43.691002,1650,NA,175,17.0,2007-11-24,2007-11-24,1
-72.348,77.713997,1410,NA,173,6.0,2008-01-01,2008-01-01,1
-72.33,77.723999,1411,NA,173,6.0,2008-01-01,2008-01-01,1
-72.314,77.736,1412,NA,173,6.0,2008-01-01,2008-01-01,1
-72.295,77.748001,1413,NA,173,6.0,2008-01-01,2008-01-01,1
-72.277,77.758003,1414,NA,173,6.0,2008-01-01,2008-01-01,1
-72.259,77.769997,1415,NA,173,6.0,2008-01-01,2008-01-01,1
-72.258,23.245,1996,NA,197,6.0,2017-01-03,2017-01-03,8
-72.242,77.780998,1416,NA,173,6.0,2008-01-01,2008-01-01,1
-72.237,43.132999,1607,NA,174,6.0,1969-01-01,1969-01-01,1
-72.224,77.793999,1417,NA,173,6.0,2008-01-01,2008-01-01,1
-72.206,77.803001,1418,NA,173,6.0,2008-01-01,2008-01-01,1
-72.188,77.810997,1419,NA,173,6.0,2008-01-01,2008-01-01,1
-72.172,77.827003,1420,NA,173,6.0,2008-01-01,2008-01-01,1
-72.154,77.835999,1421,NA,173,6.0,2008-01-01,2008-01-01,1
-72.136,77.845001,1422,NA,173,6.0,2008-01-01,2008-01-01,1
-72.119,77.858002,1423,NA,173,6.0,2008-01-01,2008-01-01,1
-72.103,43.150002,1608,NA,174,6.0,1969-01-01,1969-01-01,1
-72.101,77.870003,1424,NA,173,6.0,2008-01-01,2008-01-01,1
-72.084,77.880997,1425,NA,173,6.0,2008-01-01,2008-01-01,1
-72.07,43.150002,1609,NA,174,6.0,1969-01-01,1969-01-01,1
-72.066,77.891998,1426,NA,173,6.0,2008-01-01,2008-01-01,1
-72.059,43.806,1649,NA,175,17.0,2007-11-24,2007-11-24,1
-72.048,77.902,1427,NA,173,6.0,2008-01-01,2008-01-01,1
-72.033,131.091003,1702,NA,177,4.0,2009-02-04,2009-02-04,9
-72.03,77.914001,1428,NA,173,6.0,2008-01-01,2008-01-01,1
-72.013,77.927002,1429,NA,173,6.0,2008-01-01,2008-01-01,1
-72.0,140.0,2531,Station 527,231,nan,1959-12-19,1959-12-19,0
-72.0,143.0,2533,Station 536,231,nan,1960-01-04,1960-01-04,0
-72.0,146.0,2534,Station 540,231,nan,1960-01-09,1960-01-09,0
-72.0,148.0,2535,Station 544,231,nan,1960-01-13,1960-01-13,0
-72.0,151.0,2536,Station 548,231,nan,1960-01-18,1960-01-18,0
-72.0,154.0,2537,Station 550,231,nan,1960-01-22,1960-01-22,0
-72.0,156.0,2538,Station 553,231,nan,1960-01-27,1960-01-27,0
-72.0,159.0,2539,Station 556,231,nan,1960-01-31,1960-01-31,0
-71.995,77.935997,1430,NA,173,6.0,2008-01-01,2008-01-01,1
-71.979,77.946999,1431,NA,173,6.0,2008-01-01,2008-01-01,1
-71.968,43.132999,1610,NA,174,6.0,1969-01-01,1969-01-01,1
-71.961,77.957001,1432,NA,173,6.0,2008-01-01,2008-01-01,1
-71.95,77.968002,1433,NA,173,6.0,2008-01-01,2008-01-01,1
-71.939,23.315,1995,NA,197,6.0,2016-12-20,2016-12-20,29
-71.927,77.977997,1434,NA,173,6.0,2008-01-01,2008-01-01,1
-71.908,77.988998,1435,NA,173,6.0,2008-01-01,2008-01-01,1
-71.892,77.974998,1436,NA,173,6.0,2008-01-01,2008-01-01,1
-71.88,77.944,1437,NA,173,6.0,2008-01-01,2008-01-01,1
-71.862,77.931999,1438,NA,173,6.0,2008-01-01,2008-01-01,1
-71.845,77.918999,1439,NA,173,6.0,2008-01-01,2008-01-01,1
-71.832,43.099998,1611,NA,174,6.0,1969-01-01,1969-01-01,1
-71.829,77.902,1440,NA,173,6.0,2008-01-01,2008-01-01,1
-71.811,77.888,1441,NA,173,6.0,2008-01-01,2008-01-01,1
-71.794,77.871002,1442,NA,173,6.0,2008-01-01,2008-01-01,1
-71.776,77.853996,1443,NA,173,6.0,2008-01-01,2008-01-01,1
-71.774,43.907001,1648,NA,175,17.0,2007-11-22,2007-11-22,1
-71.759,77.842003,1444,NA,173,6.0,2008-01-01,2008-01-01,1
-71.741,77.830002,1445,NA,173,6.0,2008-01-01,2008-01-01,1
-71.725,77.814003,1446,NA,173,6.0,2008-01-01,2008-01-01,1
-71.707,77.799004,1447,NA,173,6.0,2008-01-01,2008-01-01,1
-71.697,43.083,1612,NA,174,6.0,1969-01-01,1969-01-01,1
-71.689,77.787003,1448,NA,173,6.0,2008-01-01,2008-01-01,1
-71.672,77.772003,1449,NA,173,6.0,2008-01-01,2008-01-01,1
-71.655,77.755997,1450,NA,173,6.0,2008-01-01,2008-01-01,1
-71.637,77.739998,1451,NA,173,6.0,2008-01-01,2008-01-01,1
-71.62,77.726997,1452,NA,173,6.0,2008-01-01,2008-01-01,1
-71.603,77.709,1453,NA,173,6.0,2008-01-01,2008-01-01,1
-71.593,77.700996,1454,NA,173,6.0,2008-01-01,2008-01-01,1
-71.568,77.683998,1455,NA,173,6.0,2008-01-01,2008-01-01,1
-71.562,43.049999,1613,NA,174,6.0,1969-01-01,1969-01-01,1
-71.551,77.667,1456,NA,173,6.0,2008-01-01,2008-01-01,1
-71.534,77.652,1457,NA,173,6.0,2008-01-01,2008-01-01,1
-71.527,43.049999,1614,NA,174,6.0,1969-01-01,1969-01-01,1
-71.517,77.636002,1458,NA,173,6.0,2008-01-01,2008-01-01,1
-71.499,77.621002,1459,NA,173,6.0,2008-01-01,2008-01-01,1
-71.482,77.612999,1460,NA,173,6.0,2008-01-01,2008-01-01,1
-71.45722,-9.860722,833,DML651C02_03,158,4.0,2002-01-02,2002-01-02,6
-71.457,77.594002,1461,NA,173,6.0,2008-01-01,2008-01-01,1
-71.451,44.015999,1647,NA,175,17.0,2007-11-20,2007-11-20,1
-71.447,77.580002,1462,NA,173,6.0,2008-01-01,2008-01-01,1
-71.43,77.566002,1463,NA,173,6.0,2008-01-01,2008-01-01,1
-71.425,43.016998,1615,NA,174,6.0,1969-01-01,1969-01-01,1
-71.413,77.551003,1464,NA,173,6.0,2008-01-01,2008-01-01,1
-71.4083,-9.9167,1707,DML96C07_39,178,11.0,2007-01-26,2007-01-26,68955
-71.396,77.537003,1465,NA,173,6.0,2008-01-01,2008-01-01,1
-71.378,77.525002,1466,NA,173,6.0,2008-01-01,2008-01-01,1
-71.36,77.505997,1467,NA,173,6.0,2008-01-01,2008-01-01,1
-71.343,77.494003,1468,NA,173,6.0,2008-01-01,2008-01-01,1
-71.326,77.482002,1469,NA,173,6.0,2008-01-01,2008-01-01,1
-71.308,77.463997,1470,NA,173,6.0,2008-01-01,2008-01-01,1
-71.291,77.450996,1471,NA,173,6.0,2008-01-01,2008-01-01,1
-71.288,43.0,1616,NA,174,6.0,1969-01-01,1969-01-01,1
-71.274,77.440002,1472,NA,173,6.0,2008-01-01,2008-01-01,1
-71.257,77.421997,1473,NA,173,6.0,2008-01-01,2008-01-01,1
-71.238,77.406998,1474,NA,173,6.0,2008-01-01,2008-01-01,1
-71.222,77.393997,1475,NA,173,6.0,2008-01-01,2008-01-01,1
-71.21436,-6.793861,820,DML641C02_01,145,4.0,2002-01-02,2002-01-02,7
-71.204,77.380997,1476,NA,173,6.0,2008-01-01,2008-01-01,1
-71.194444,45.979167,2512,Mizuho G15,226,nan,1996-01-01,1996-01-01,0
-71.187,77.364998,1477,NA,173,6.0,2008-01-01,2008-01-01,1
-71.17,77.348999,1478,NA,173,6.0,2008-01-01,2008-01-01,1
-71.17,111.37,2566,ABN1314-103,241,4.0,2014-01-07,2014-01-07,97
-71.1621,-6.6989,2565,DML94C07_38,240,11.0,2007-01-14,2007-01-14,75089
-71.152,77.336998,1479,NA,173,6.0,2008-01-01,2008-01-01,1
-71.136,77.322998,1480,NA,173,6.0,2008-01-01,2008-01-01,1
-71.117,77.306,1481,NA,173,6.0,2008-01-01,2008-01-01,1
-71.11071,1.646268,954,DML66C03_01,171,16.0,2003-12-12,2003-12-12,9849
-71.098,77.289001,1482,NA,173,6.0,2008-01-01,2008-01-01,1
-71.078,77.271004,1483,NA,173,6.0,2008-01-01,2008-01-01,1
-71.06,77.254997,1484,NA,173,6.0,2008-01-01,2008-01-01,1
-71.043,77.239998,1485,NA,173,6.0,2008-01-01,2008-01-01,1
-71.027,77.225998,1486,NA,173,6.0,2008-01-01,2008-01-01,1
-71.015,42.950001,1617,NA,174,6.0,1969-01-01,1969-01-01,1
-71.008,77.209999,1487,NA,173,6.0,2008-01-01,2008-01-01,1
-71.0,139.0,2532,Station 531,231,nan,1959-12-24,1959-12-24,0
-70.99,77.196999,1488,NA,173,6.0,2008-01-01,2008-01-01,1
-70.974,77.190002,1489,NA,173,6.0,2008-01-01,2008-01-01,1
-70.956,77.175003,1490,NA,173,6.0,2008-01-01,2008-01-01,1
-70.939,77.322998,1491,NA,173,6.0,2008-01-01,2008-01-01,1
-70.921,77.146004,1492,NA,173,6.0,2008-01-01,2008-01-01,1
-70.904,77.128998,1493,NA,173,6.0,2008-01-01,2008-01-01,1
-70.888,133.285004,1703,NA,177,4.0,2009-02-04,2009-02-04,9
-70.886,77.119003,1494,NA,173,6.0,2008-01-01,2008-01-01,1
-70.88,42.950001,1618,NA,174,6.0,1969-01-01,1969-01-01,1
-70.869,77.105003,1495,NA,173,6.0,2008-01-01,2008-01-01,1
-70.852,77.087997,1496,NA,173,6.0,2008-01-01,2008-01-01,1
-70.844,43.192001,1619,NA,174,6.0,1969-01-01,1969-01-01,1
-70.834,77.072998,1497,NA,173,6.0,2008-01-01,2008-01-01,1
-70.817,77.060997,1498,NA,173,6.0,2008-01-01,2008-01-01,1
-70.80378,-71.714371,1940,Wilkins_core_1,193,4.0,2018-12-04,2018-12-04,107
-70.80376,-71.714371,1942,Wilkins_core_3,193,4.0 / 1.0,2018-12-08,2018-12-08,188
-70.80375,-71.714371,1941,Wilkins_core_2,193,4.0,2018-12-06,2018-12-06,75
-70.80362,-71.714775,1944,Wilkins_snowpit,193,1.0,2018-12-10,2018-12-10,11
-70.8,77.052002,1499,NA,173,6.0,2008-01-01,2008-01-01,1
-70.782,77.033997,1500,NA,173,6.0,2008-01-01,2008-01-01,1
-70.773,43.117001,1620,NA,174,6.0,1969-01-01,1969-01-01,1
-70.765,77.022003,1501,NA,173,6.0,2008-01-01,2008-01-01,1
-70.748,77.010002,1502,NA,173,6.0,2008-01-01,2008-01-01,1
-70.73,76.994003,1503,NA,173,6.0,2008-01-01,2008-01-01,1
-70.713,76.976997,1504,NA,173,6.0,2008-01-01,2008-01-01,1
-70.71,44.278,1646,NA,175,17.0,2007-11-20,2007-11-20,1
-70.706665,-8.426667,829,NM033C98_01,154,15.0,1997-12-04,1997-12-04,4732
-70.698333,44.331667,2484 / 2485,JARE / JARE11,224,nan,1970-07-01,1978-01-01,0
-70.696,76.960999,1505,NA,173,6.0,2008-01-01,2008-01-01,1
-70.678,76.948997,1506,NA,173,6.0,2008-01-01,2008-01-01,1
-70.67,43.099998,1684,NA,176,4.0,1970-11-06,1970-11-06,17
-70.661,76.936996,1507,NA,173,6.0,2008-01-01,2008-01-01,1
-70.65861,-8.2525,751,NM02C89_01,76,4.0,1989-12-28,1989-12-28,452
-70.65569,-8.253632,834,NM02C02_02,159,4.0,2002-01-04,2002-01-04,22
-70.644,76.925003,1508,NA,173,6.0,2008-01-01,2008-01-01,1
-70.637,43.099998,1621,NA,174,6.0,1969-01-01,1969-01-01,1
-70.6355,-90.736702,34,NA,2,2.0,2007-09-28,2007-09-28,1
-70.627,76.907997,1509,NA,173,6.0,2008-01-01,2008-01-01,1
-70.609,76.896004,1510,NA,173,6.0,2008-01-01,2008-01-01,1
-70.6,-8.3,808,NA,133,11.0,1995-05-18,1995-05-18,516
-70.592,76.882004,1511,NA,173,6.0,2008-01-01,2008-01-01,1
-70.575,76.862999,1512,NA,173,6.0,2008-01-01,2008-01-01,1
-70.557,76.853996,1513,NA,173,6.0,2008-01-01,2008-01-01,1
-70.539,76.845001,1514,NA,173,6.0,2008-01-01,2008-01-01,1
-70.536,24.072,1999,NA,197,6.0,2019-12-10,2019-12-29,20
-70.525,76.834999,1515,NA,173,6.0,2008-01-01,2008-01-01,1
-70.504,76.827003,1516,NA,173,6.0,2008-01-01,2008-01-01,1
-70.502,21.873,1997,NA,197,6.0,2017-01-03,2017-01-03,36
-70.5,43.067001,1622,NA,174,6.0,1969-01-01,1969-01-01,1
-70.499,21.881,1998,NA,197,6.0,2019-12-04,2019-12-04,26
-70.487,76.808998,1517,NA,173,6.0,2008-01-01,2008-01-01,1
-70.469,76.797997,1518,NA,173,6.0,2008-01-01,2008-01-01,1
-70.45,76.793999,1519,NA,173,6.0,2008-01-01,2008-01-01,1
-70.443,43.868,1645,NA,175,17.0,2007-11-18,2007-11-18,1
-70.434,76.780998,1520,NA,173,6.0,2008-01-01,2008-01-01,1
-70.415,76.769997,1521,NA,173,6.0,2008-01-01,2008-01-01,1
-70.4091,-90.494202,35 / 36,NA,2,2.0,2007-09-26,2007-09-26,2
-70.4011,-94.128304,37 / 38 / 39,NA,2,2.0,2007-10-01,2007-10-01,3
-70.398,76.760002,1522,NA,173,6.0,2008-01-01,2008-01-01,1
-70.38,76.750999,1523,NA,173,6.0,2008-01-01,2008-01-01,1
-70.365,43.099998,1623,NA,174,6.0,1969-01-01,1969-01-01,1
-70.362,76.741997,1524,NA,173,6.0,2008-01-01,2008-01-01,1
-70.345,76.728996,1525,NA,173,6.0,2008-01-01,2008-01-01,1
-70.33,43.099998,1685,NA,176,4.0,1971-05-16,1971-05-16,19
-70.327,76.721001,1526,NA,173,6.0,2008-01-01,2008-01-01,1
-70.309,76.710999,1527,NA,173,6.0,2008-01-01,2008-01-01,1
-70.291,76.698997,1528,NA,173,6.0,2008-01-01,2008-01-01,1
-70.274,76.689003,1529,NA,173,6.0,2008-01-01,2008-01-01,1
-70.2583,-94.572197,40 / 41 / 42 / 43,NA,2,2.0,2007-10-04,2007-10-04,4
-70.256,76.671997,1530,NA,173,6.0,2008-01-01,2008-01-01,1
-70.2459,-90.077797,44 / 45,NA,2,2.0,2007-09-24,2007-09-24,2
-70.237,76.661003,1531,NA,173,6.0,2008-01-01,2008-01-01,1
-70.218,76.653,1532,NA,173,6.0,2008-01-01,2008-01-01,1
-70.2,76.635002,1533,NA,173,6.0,2008-01-01,2008-01-01,1
-70.1842,-93.672997,46 / 47 / 48 / 49,NA,2,2.0,2007-10-06,2007-10-06,4
-70.183,76.627998,1534,NA,173,6.0,2008-01-01,2008-01-01,1
-70.165,76.621002,1535,NA,173,6.0,2008-01-01,2008-01-01,1
-70.148,76.611,1536,NA,173,6.0,2008-01-01,2008-01-01,1
-70.13,76.595001,1537,NA,173,6.0,2008-01-01,2008-01-01,1
-70.113,76.585999,1538,NA,173,6.0,2008-01-01,2008-01-01,1
-70.096,76.580002,1539,NA,173,6.0,2008-01-01,2008-01-01,1
-70.087,43.117001,1624,NA,174,6.0,1969-01-01,1969-01-01,1
-70.079,43.243999,1644,NA,175,17.0,2007-11-16,2007-11-16,1
-70.079,76.570999,1540,NA,173,6.0,2008-01-01,2008-01-01,1
-70.061,76.564003,1541,NA,173,6.0,2008-01-01,2008-01-01,1
-70.043,76.552002,1542,NA,173,6.0,2008-01-01,2008-01-01,1
-70.026,76.542,1543,NA,173,6.0,2008-01-01,2008-01-01,1
-70.018,43.099998,1625 / 1686,NA,174 / 176,6.0 / 4.0,1969-01-01,1970-12-20,22
-70.009,76.535004,1544,NA,173,6.0,2008-01-01,2008-01-01,1
-69.991,76.525002,1545,NA,173,6.0,2008-01-01,2008-01-01,1
-69.974,76.513,1546,NA,173,6.0,2008-01-01,2008-01-01,1
-69.956,76.502998,1547,NA,173,6.0,2008-01-01,2008-01-01,1
-69.948,43.049999,1626,NA,174,6.0,1969-01-01,1969-01-01,1
-69.939,76.492996,1548,NA,173,6.0,2008-01-01,2008-01-01,1
-69.921,76.489998,1549,NA,173,6.0,2008-01-01,2008-01-01,1
-69.8927,-92.522202,50,NA,2,2.0,2007-10-08,2007-10-08,8
-69.827,134.201996,1704,NA,177,4.0,2009-02-06,2009-02-06,9
-69.808,42.932999,1627 / 1687,NA,174 / 176,6.0 / 4.0,1969-01-01,1970-12-20,20
-69.668,42.849998,1628,NA,174,6.0,1969-01-01,1969-01-01,1
-69.582,42.799999,1688,NA,176,4.0,1971-06-14,1971-06-14,20
-69.532,42.75,1629,NA,174,6.0,1969-01-01,1969-01-01,1
-69.462,42.700001,1689,NA,176,4.0,1970-12-28,1970-12-28,13
-69.392,42.650002,1630,NA,174,6.0,1969-01-01,1969-01-01,1
-69.253,42.567001,1631,NA,174,6.0,1969-01-01,1969-01-01,1
-69.202,42.533001,1690,NA,176,4.0,1971-08-20,1971-08-20,19
-69.115,42.483002,1632 / 1691,NA,174 / 176,6.0 / 4.0,1969-01-01,1971-01-01,20
-69.087,42.117001,1633,NA,174,6.0,1969-01-01,1969-01-01,1
-69.082,41.033001,1634,NA,174,6.0,1969-01-01,1969-01-01,1
-69.079444,40.781667,2513,Mizuho H15,226,nan,1996-01-01,1996-01-01,0
-69.078,41.117001,1692,NA,176,4.0,1971-01-01,1971-01-01,22
-69.077,42.033001,1693,NA,176,4.0,1971-03-16,1971-03-16,17
-69.075,41.400002,1635,NA,174,6.0,1969-01-01,1969-01-01,1
-69.07,41.583,1694,NA,176,4.0,1971-01-01,1971-07-16,20
-69.068,41.766998,1636,NA,174,6.0,1969-01-01,1969-01-01,1
-69.055,40.716999,1637,NA,174,6.0,1969-01-01,1969-01-01,1
-69.052,40.667,1695,NA,176,4.0,1971-07-12,1971-07-12,17
-69.033,40.047001,1696,NA,176,4.0,1971-01-01,1971-01-01,15
-69.031667,40.455556,2514,Mizuho S25,226,nan,1996-01-01,1996-01-01,0
-69.03,40.349998,1697,NA,176,4.0,1971-07-20,1971-07-20,20
-69.027,40.25,1698,NA,176,4.0,1971-05-16,1971-05-16,23
-69.025,40.167,1699,NA,176,4.0,1970-11-04,1970-11-04,15
-68.015,136.464005,1705,NA,177,4.0,2009-02-08,2009-02-08,11
-67.444,-64.953003,661,NA,44,14.0,2015-12-01,2015-12-01,19081
-67.415,138.602005,1706,NA,177,4.0,2009-02-08,2009-02-08,7
-67.0,-61.486,660,NA,44,14.0,2015-11-01,2015-11-01,20538
-66.769722,112.806944,2460,DSS,219,nan,1988-01-01,1988-01-01,0
-66.721944,113.199444,2456,DE08 DE08-2,215,nan,1987-01-17,1987-01-17,0
-66.7219,113.1994,2572,DE08-2,244,4.0,1992-12-20,1992-12-20,373
-66.588,-63.212002,659,NA,44,14.0,2015-11-01,2015-11-01,11548
-66.403,-63.375999,658,NA,44,14.0,2014-11-01,2014-11-01,33334
